Doc_1.txt,https://www.memphis.edu/prospective/index.php,23.5372045918796
Doc_2.txt,https://www.memphis.edu/registrar/calendars/index.php,16.7032930884901
Doc_3.txt,https://www.memphis.edu/admissions/index.php,23.1948270094864
Doc_4.txt,https://www.memphis.edu/graduateadmissions/index.php,18.411952639522
Doc_5.txt,https://www.memphis.edu/uofmglobal/admissions/index.php,18.7349939951952
Doc_6.txt,https://www.memphis.edu/law/admissions/index.php,15.6524758424985
Doc_7.txt,https://www.memphis.edu/admissions/international/index.php,27.6947648482525
Doc_8.txt,https://www.memphis.edu/admissions/transfer/index.php,38.8072158238645
Doc_9.txt,https://www.memphis.edu/admissions/virtualtour.php,15.4272486205415
Doc_10.txt,https://www.memphis.edu/usbs/fees/index.php,23.0867927612304
Doc_11.txt,https://www.memphis.edu/research/index.php,21.7025344142107
Doc_12.txt,https://www.memphis.edu/students/index.php,14.7309198626562
Doc_13.txt,https://www.memphis.edu/research/researchers/index.php,26.2868788561898
Doc_14.txt,https://www.memphis.edu/research/industry/index.php,19.6468827043885
Doc_15.txt,https://www.memphis.edu/research/facilities/centers_institutes.php,77.9615289742319
Doc_16.txt,https://www.memphis.edu/fedex/index.php,36.3593179253957
Doc_17.txt,https://www.memphis.edu/oir/index.php,14.0712472794703
Doc_18.txt,https://www.memphis.edu/libraries/index.php,15.7797338380595
Doc_19.txt,https://www.memphis.edu/libraries/resources/index.php,15.2643375224737
Doc_20.txt,https://www.memphis.edu/libraries/special-collections/index.php,17.4068951855292
Doc_21.txt,https://www.memphis.edu/libraries/help/askalibrarian.php,12.5299640861417
Doc_22.txt,https://www.memphis.edu/umparents/index.php,18.6547581061776
Doc_23.txt,https://www.memphis.edu/veterans/index.php,16.2480768092719
Doc_24.txt,https://www.memphis.edu/fac_staff/index.php,13.7840487520902
Doc_25.txt,https://www.memphis.edu/academics/index.php,32.7261363439071
Doc_26.txt,https://www.memphis.edu/academics/colleges-schools.php,19.0787840283389
Doc_27.txt,https://www.memphis.edu/uofmglobal/index.php,21.8632111090754
Doc_28.txt,https://www.memphis.edu/lambuth/index.php,18.8414436814168
